"CHRIS — WARDROBE INVENTORY (clean master, May 2026)",,,,,,,,,,,,,
Category,Item,Colour / Pattern,Fabric / Material,Brand,Size,Season,Status,Notes,Source detail (fabric / construction),Price (£),Acquired,Link,Ref / PCF
Footwear,Drake's Clifford boot,Brown,Leather,Drake's,UK 9,All-season,Breaking in,Clifford runs small; sz9 correct (+0.5 from actual fit),,,,,
Footwear,NB 990v4,Grey,Suede/mesh,New Balance,UK 8.5,All-season,Active,Daily trainer baseline,,,,,
Footwear,NB 990v4,Navy,Suede/mesh,New Balance,UK 8.5,All-season,Active,Daily trainer baseline,,,,,
Footwear,NB 990v4,Olive/cream,Suede/mesh,New Balance,UK 8.5,All-season,Active,Daily trainer baseline,,,,,
Footwear,Paraboot Michael Cerf,Marron,Deerskin,Paraboot,UK 8.5,All-season,Breaking in,Newest (May 2026); deerskin breaks in faster,,,,,
Footwear,Paraboot Reims,Noir (black),Calf leather,Paraboot,UK 8.5,All-season,Breaking in,Welted derby,,,,,
Footwear,Paraboot Reims,Café/Marron,Calf leather,Paraboot,UK 8.5,All-season,Breaking in,Welted derby; confirmed correct size,,,,,
Shirt,Brushed wool — Subalpino navy,Navy,Brushed wool,Proper Cloth,MTM,Cold,Active,,Subalpino Navy Brushed Wool PCF4901 · Soft Franklin Point Collar · Rounded Flap Pockets,248.13,2026-01-09,,PCF4901
Shirt,California plaid,Slate+rose,Lightweight cotton plaid,Proper Cloth,MTM,Warm-leaning,Active,Lightweight,Slate and Rose California Plaid PCF4872 · Rounded Flap Pockets,147.52,2026-02-18,,PCF4872
Shirt,Clark oxford — beige,Beige,Oxford,Proper Cloth,MTM,All-season,Active,Ivy BD,Clark Beige Oxford Cloth PCF4510,110.94,2025-07-06,,PCF4510
Shirt,Clark oxford — evergreen,Evergreen,Oxford,Proper Cloth,MTM,All-season,Active,Ivy BD,Clark Evergreen Oxford Cloth PCF4323,110.94,2025-07-06,,PCF4323
Shirt,Cotton-linen oxford — Portuguese light blue,Light blue,Cotton-linen oxford,Proper Cloth,MTM,Warm-weather,Active,Solid; warm-weather 7,Portuguese Light Blue Cotton and Linen Oxford PCF937,122.90,2025-04-27,,PCF937
Shirt,Cotton-linen oxford — blue stripe,Blue,Cotton-linen oxford,Proper Cloth,MTM,Warm-weather,Active,Warm-weather 7,Blue Striped Cotton and Linen Oxford PCF4381,122.02,2025-03-10,,PCF4381
Shirt,Cotton-linen oxford — blue wide stripe,Blue,Cotton-linen oxford,Proper Cloth,MTM,Warm-weather,Active,Warm-weather 7,Blue Wide Stripe Cotton and Linen Oxford PCF4382,122.90,2025-04-27,,PCF4382
Shirt,Cotton-linen oxford — dark navy stripe,Dark navy (reads black),Cotton-linen oxford,Proper Cloth,MTM,Warm-weather,Active,Warm-weather 7,Navy Stripe Cotton and Linen Oxford PCF4478,132.01,2025-04-27,,PCF4478
Shirt,Cotton-linen plaid — Sedona,Rust+blue,Cotton-linen plaid,Proper Cloth,MTM,Transitional,Active,Heavier; not heat-wave,Sedona Rust and Blue Cotton Linen Plaid PCF4729 · Utility Pockets · Soft Franklin Point Collar,151.06,2025-05-09,,PCF4729
Shirt,Cotton-linen twill — Canclini sunwashed,Navy,Cotton sunwashed + linen twill,Proper Cloth,MTM,Transitional,Active (layering tier),"Fused cuffs, construction meh, fabric great",Canclini Navy Cotton Sunwashed and Linen Twill PCF4239 (remake),161.86,2025-04-14,,PCF4239
Shirt,Flannel plaid — grey,Grey,Stowe flannel,Proper Cloth,MTM,Cold,Active,Plaid,Stowe Grey Plaid Flannel PCF4507,101.68,2025-11-25,,PCF4507
Shirt,Flannel plaid — grey/slate/black ombre,Grey/slate/black ombre,Stowe flannel,Proper Cloth,MTM,Cold,Active,Plaid,Stowe Grey Slate and Black Ombre Plaid Flannel PCF4508,101.68,2025-11-25,,PCF4508
Shirt,Flannel plaid — rust+grey,Rust+grey,Stowe flannel,Proper Cloth,MTM,Cold,Active,Plaid,Stowe Rust and Grey Plaid Flannel PCF4506 · Soft Ivy Button Down Collar,101.10,2025-11-26,,PCF4506
Shirt,Heavy rustic linen — sage,Sage,Japanese washed heavy rustic linen,Proper Cloth,MTM,Transitional,Active,Substantial weight; not heat-wave,Japanese Washed Sage Heavy Rustic Linen PCF4426,163.86,2025-03-26,,PCF4426
Shirt,Heavy rustic linen — slate,Slate,Japanese washed heavy rustic linen,Proper Cloth,MTM,Transitional,Active,Substantial weight; not heat-wave,Japanese Washed Slate Heavy Rustic Linen PCF4468,163.86,2025-03-26,,PCF4468
Shirt,ISTO denim shirt,Blue,Denim,ISTO,XXXL,All-season,Secondary/layering,Fabric nice; stitching+buttons mediocre; not primary,Denim shirt,120.00,2026-04-18,,
Shirt,Irish linen — olive,Olive,Baird McNutt Irish linen,Proper Cloth,MTM,Warm-weather,Active,Warm-weather 7,Baird McNutt Olive Irish Linen PCF2725,140.75,2025-03-25,,PCF2725
Shirt,Irish linen — slate blue,Slate blue,Baird McNutt Irish linen,Proper Cloth,MTM,Warm-weather,Active,Warm-weather 7,Baird McNutt Slate Blue Irish Linen PCF4423,140.75,2025-03-25,,PCF4423
Shirt,Irish linen — slate+navy plaid,Slate+navy plaid,Baird McNutt Irish linen,Proper Cloth,MTM,Warm-weather,Active,Newest (Apr 2026); warm-weather 7,Baird McNutt Slate and Navy Plaid Irish Linen PCF4739 · Soft Franklin Spread Collar · Soft Long One Button Cuff · Angled Pocket · Soft Front Placket · Split Yoke · Medium Curved Hem · Slate Horn Buttons · 0.2″ Stitching,156.86,2026-04-21,,PCF4739
Shirt,Lightweight oxford — blue,Blue,Washed cotton oxford,Proper Cloth,MTM,All-but-coldest,Active,Solid; Ivy BD,Washed Blue Lightweight Oxford PCF4339,123.00,2025-04-25,,PCF4339
Shirt,Lightweight oxford — blue stripe,Blue stripe,Washed cotton oxford,Proper Cloth,MTM,All-but-coldest,Active,Stripe; Ivy BD,Washed Blue Stripe Lightweight Oxford PCF4677,123.00,2025-04-25,,PCF4677
Shirt,Lightweight oxford — gold,Gold,Washed cotton oxford,Proper Cloth,MTM,All-but-coldest,Active,Solid; Ivy BD,Washed Gold Lightweight Oxford PCF4627,121.98,2025-03-25,,PCF4627
Shirt,Lightweight oxford — laurel,Laurel,Washed cotton oxford,Proper Cloth,MTM,All-but-coldest,Active,Solid; Ivy BD,Washed Laurel Lightweight Oxford PCF4337,121.98,2025-03-25,,PCF4337
Shirt,Lightweight oxford — light blue,Light blue,Washed cotton oxford,Proper Cloth,MTM,All-but-coldest,Active,Solid; Ivy BD,Washed Light Blue Lightweight Oxford PCF4338,122.90,2025-04-27,,PCF4338
Shirt,Lightweight oxford — light blue extra-wide stripe,Light blue extra-wide stripe,Washed cotton oxford,Proper Cloth,MTM,All-but-coldest,Active,Stripe; Ivy BD,Washed Light Blue Extra Wide Stripe Lightweight Oxford PCF4628,129.64,2025-06-15,,PCF4628
Shirt,Lightweight oxford — light blue striped (thin),Light blue striped (thin),Washed cotton oxford,Proper Cloth,MTM,All-but-coldest,Active,Stripe; Ivy BD,Washed Light Blue Striped Lightweight Oxford PCF4403,121.98,2025-03-25,,PCF4403
Shirt,Lightweight oxford — light blue wide stripe,Light blue wide stripe,Washed cotton oxford,Proper Cloth,MTM,All-but-coldest,Active,Stripe; Ivy BD,Washed Light Blue Wide Stripe Lightweight Oxford PCF4340,121.98,2025-03-25,,PCF4340
Shirt,Lightweight oxford — moss,Moss,Washed cotton oxford,Proper Cloth,MTM,All-but-coldest,Active,Solid; Ivy BD,Washed Moss Lightweight Oxford PCF4922,129.63,2026-02-18,,PCF4922
Shirt,Lightweight oxford — off-white,Off-white,Washed cotton oxford,Proper Cloth,MTM,All-but-coldest,Active,Solid; Ivy BD,Washed Off White Lightweight Oxford PCF4924 · Soft Ivy Button Down Collar · Vintage Ivy Rounded Pocket,129.63,2026-02-18,,PCF4924
Shirt,Lightweight oxford — pink,Pink,Washed cotton oxford,Proper Cloth,MTM,All-but-coldest,Active,Solid; Ivy BD,Washed Pink Lightweight Oxford PCF4905,129.63,2026-02-18,,PCF4905
Shirt,Lightweight oxford — red stripe,Red stripe,Washed cotton oxford,Proper Cloth,MTM,All-but-coldest,Active,Stripe; Ivy BD,Washed Red Stripe Lightweight Oxford PCF4925,129.63,2026-02-18,,PCF4925
Shirt,Lightweight oxford — slate,Slate,Washed cotton oxford,Proper Cloth,MTM,All-but-coldest,Active,Solid; Ivy BD,Washed Slate Lightweight Oxford PCF4923,129.63,2026-02-18,,PCF4923
Shirt,Lightweight oxford — yellow stripe,Yellow stripe,Washed cotton oxford,Proper Cloth,MTM,All-but-coldest,Active,Stripe; Ivy BD,Washed Yellow Stripe Lightweight Oxford PCF4907,129.63,2026-02-18,,PCF4907
Shirt,Pima oxford — charcoal,Charcoal,American Pima oxford (heavier),Proper Cloth,MTM,To 22°C,Active,Ivy BD,American Pima Charcoal Oxford Cloth PCF4262,139.45,2025-05-30,,PCF4262
Shirt,Pima oxford — fatigue,Fatigue,American Pima oxford (heavier),Proper Cloth,MTM,To 22°C,Active,Ivy BD,American Pima Fatigue Oxford PCF4706,132.11,2025-04-25,,PCF4706
Shirt,Pima oxford — light blue university stripe,Light blue university stripe,American Pima oxford (heavier),Proper Cloth,MTM,To 22°C,Active,Ivy BD,American Pima Light Blue University Stripe Oxford Cloth PCF4104 · Soft Ivy Button Down Collar · Soft Long One Button Cuff · Vintage Ivy Rounded Pocket · Soft Wide Front Placket · Split Yoke · Shallow Curved Hem · Roma Buttons · 0.25″ Stitching,159.17,2026-03-29,,PCF4104
Shirt,Pima oxford — navy,Navy,American Pima oxford (heavier),Proper Cloth,MTM,To 22°C,Active,Ivy BD,American Pima Navy Oxford Cloth PCF4101,132.11,2025-04-25,,PCF4101
Shirt,Pima oxford — sage+red fancy stripe,Sage+red fancy stripe,American Pima oxford (heavier),Proper Cloth,MTM,To 22°C,Active,Ivy BD,American Pima Sage and Red Fancy Stripe Oxford Cloth PCF4886,157.59,2025-09-25,,PCF4886
Shirt,Pima oxford — white,White,American Pima oxford (heavier),Proper Cloth,MTM,To 22°C,Active,Ivy BD,American Pima White Oxford Cloth PCF3227 · Soft Ivy Button Down Collar,148.97,2026-01-22,,PCF3227
Shirt,Pima oxford — wine/burgundy,Wine/burgundy,American Pima oxford (heavier),Proper Cloth,MTM,To 22°C,Active,Ivy BD,American Pima Wine Oxford PCF4548,144.42,2025-05-22,,PCF4548
Shirt,Selvedge twill — camel,Camel,Japanese cotton selvedge twill,Proper Cloth,MTM,Cool,Active,,Japanese Camel Cotton Selvedge Twill PCF4502,151.76,2025-06-12,,PCF4502
Shirt,Selvedge twill — navy,Navy,Japanese cotton selvedge twill,Proper Cloth,MTM,Cool,Active,,Japanese Navy Cotton Selvedge Twill PCF4504,142.84,2025-06-12,,PCF4504
Shirt,Selvedge twill — olive,Olive,Japanese cotton selvedge twill,Proper Cloth,MTM,Cool,Active,,Japanese Olive Cotton Selvedge Twill PCF4503 · Soft Franklin Point Collar,152.95,2025-05-30,,PCF4503
Trouser,Akita slub 5-pocket — cream,Cream,Stretch organic slub twill,Proper Cloth,MTM,Year-round,Active,,Akita Cream Stretch Organic Slub Twill 5-Pocket | Casual Pants,202.43,2025-05-30,,
Trouser,Akita slub 5-pocket — dried sage,Dried sage,Stretch organic slub twill,Proper Cloth,MTM,Year-round,Active,,Akita Dried Sage Stretch Organic Slub Twill 5-Pocket | Casual Pants,201.10,2025-06-17,,
Trouser,Bergamo cotton-linen chino — bone white,Bone white,Cotton-linen,Proper Cloth,MTM,Hot,Active,,Bergamo Natural White Stretch Cotton and Linen Chino | Casual Pants,175.64,2025-06-22,,
Trouser,Bergamo cotton-linen chino — sand,Sand/beige,Cotton-linen,Proper Cloth,MTM,Hot,Active,,Bergamo Sand Cotton and Linen Stretch Chino | Casual Pants,175.64,2025-06-22,,
Trouser,Cord — beige,Beige,Corduroy (~480gsm),(pre-sheet),-,Cold,Active,Heavyweight,,,,,
Trouser,Cord — navy,Navy,Corduroy (~480gsm),(pre-sheet),-,Cold,Active,Heavyweight,,,,,
Trouser,Denim — light olive,Light olive,Denim,(pre-sheet),-,Year-round,Active,,,,,,
Trouser,Denim — white,White,Denim,(pre-sheet),-,Year-round,Active,,,,,,
Trouser,Di Sondrio beige chino,Beige,Stretch cotton chino,Proper Cloth,MTM,Year-round,Active,,Di Sondrio Beige Stretch Cotton Chino | Casual Pants,192.22,2026-02-18,,
Trouser,Di Sondrio faded navy lightweight (pair 1),Faded navy,Lightweight stretch twill (200gsm),Proper Cloth,MTM,Hot,Active,Thin chino,Di Sondrio Faded Navy Lightweight Stretch Twill | Casual Pants,202.24,2025-04-05,,
Trouser,Di Sondrio faded navy lightweight (pair 2),Faded navy,Lightweight stretch twill (200gsm),Proper Cloth,MTM,Hot,Active,Thin chino,Di Sondrio Faded Navy Lightweight Stretch Twill | Casual Pants,202.24,2025-04-05,,
Trouser,Di Sondrio grey chino,Grey,Stretch cotton chino,Proper Cloth,MTM,Year-round,Active,,Di Sondrio Grey Stretch Cotton Chino | Casual Pants,192.22,2026-02-18,,
Trouser,Di Sondrio walnut chino (pair 1),Walnut,Stretch cotton chino,Proper Cloth,MTM,Year-round,Active,,Di Sondrio Walnut Stretch Chino | Casual Pants,176.01,2025-05-22,,
Trouser,Di Sondrio walnut chino (pair 2),Walnut,Stretch cotton chino,Proper Cloth,MTM,Year-round,Active,,Di Sondrio Walnut Stretch Chino | Casual Pants,176.01,2025-05-22,,
Trouser,JP double-pleated heavyweight chino — navy,Navy,Japanese heavyweight stretch twill (~400gsm),Proper Cloth,MTM,Cold,Active,Heavy twill,Double Pleated Japanese Navy Heavyweight Stretch Chino | Casual Pants,174.76,2025-06-03,,
Trouser,JP double-pleated heavyweight chino — soft olive,Soft olive (fatigue),Japanese heavyweight stretch twill (~400gsm),Proper Cloth,MTM,Cold,Active,Heavy twill,Double Pleated Japanese Fatigue Heavyweight Stretch Chino | Casual Pants,174.76,2025-06-03,,
Trouser,Joseph Turner flannel — Prince of Wales check,PoW check,Wool flannel,Joseph Turner,40 reg,Cold,Active,,,,,,
Trouser,Joseph Turner flannel — charcoal,Charcoal,Wool flannel,Joseph Turner,40 reg,Cold,Active,,Cavalry twill/flannel,145.00,2026-03-12,,
Trouser,Olive reverse sateen fatigue,Olive,Reverse sateen,Proper Cloth,MTM,Year-round,Active,Lighter than JP heavyweight 'soft olive',Olive Reverse Sateen Faded Fatigue Pant | Casual Pants,230.52,2026-03-08,,
Trouser,Palermo linen drawstring — neutral,Natural beige,Pure linen,Proper Cloth,MTM,Hot (30°C+),Active,Semi-transparent; 30°C+ only,Natural Beige Linen Palermo Drawstring Pant | Casual Pants,184.29,2025-06-11,,
Trouser,Palermo linen drawstring — tobacco,Mocha/tobacco,Pure linen,Proper Cloth,MTM,Hot (30°C+),Active,Semi-transparent; 30°C+ only,Mocha Linen Palermo Drawstring Pant | Casual Pants,184.29,2025-06-11,,
Trouser,Single-pleated Di Sondrio navy (pair 1),Navy,Stretch cotton chino (heavier),Proper Cloth,MTM,Year-round,Active,Heavier than faded-navy lightweight,Single Pleated Di Sondrio Navy Stretch Cotton Chino | Casual Pants,175.44,2025-05-30,,
Trouser,Single-pleated Di Sondrio navy (pair 2),Navy,Stretch cotton chino (heavier),Proper Cloth,MTM,Year-round,Active,Heavier than faded-navy lightweight,Single Pleated Di Sondrio Navy Stretch Cotton Chino | Casual Pants,175.44,2025-05-30,,
Trouser,Stratton stretch corduroy,Brown,Stretch corduroy (~320gsm),Proper Cloth,MTM,Year-round,Active,,Stratton Brown Stretch Corduroy | Casual Pants,175.37,2025-10-07,,
Trouser,Trunk Clothiers cord,Olive,Stretch corduroy (~320gsm),Trunk Clothiers,-,Year-round,Active,,,,,,
Outerwear,DBF Grandfather Coat,Grey,Herringbone wool,De Bonne Facture,-,Winter,Active,Beloved; winter only,,,,,
Outerwear,DBF Traveler — linen,Almond green,Belgian wool & linen,De Bonne Facture,54,-,Benched (too large),,Belgian Wool & Linen,492.30,2025-06-13,,
Outerwear,DBF Traveler — wool,Navy,Twill wool,De Bonne Facture,-,-,Benched (too large),,,,,,
Outerwear,Drake's Black Heavy Twill Chore,Black,Heavy cotton twill,Drake's,46,To 20°C,Active,Heavy; in-store purchase (not in digital orders),,,,,
Outerwear,Drake's Camel Field Games,Camel,Cotton twill,Drake's,48,10-22°C,Active (a bit large),Tailoring planned,Cotton twill field games blazer in camel,795.00,2026-03-28,link,
Outerwear,Drake's Navy Cotton-Linen Games Mk.IV,Navy,Cotton-linen,Drake's,48,10-24°C,Active,"Narrower waist, fits ok",Cotton-linen games blazer Mk. IV in navy,795.00,2026-03-23,link,
Outerwear,Drake's Navy Cotton-Linen Raglan Work Coat,Navy,Cotton-linen (6.7oz),Drake's,44,10-24°C,Active,,Raglan work coat in navy cotton-linen,695.00,2026-05-18,link,
Outerwear,Drake's Navy Herringbone Games Mk.I,Navy,Herringbone twill cotton,Drake's,48,10-22°C,Active (a bit large),Tailoring planned,Herringbone twill cotton games blazer Mk. I in navy,795.00,2026-03-18,link,
Outerwear,Drake's Olive Jungle Jacket,Olive,Herringbone cotton,Drake's,46,10-22°C,Active,,Herringbone cotton jungle jacket in olive,695.00,2026-02-19,link,
Outerwear,Drake's Tobacco Summer Moleskin Games Mk.I,Tobacco,Summer moleskin (7.3oz),Drake's,46,10-24°C,Active,Well sized,Summer moleskin games blazer Mk. I in tobacco,795.00,2026-05-19,link,
Outerwear,Drake's Waxed Chasseur,Dusty green,Waxed cotton,Drake's,44,10-22°C,Active,Sheet mislabels as 'Cotton-Twill Chore Jacket Green',DRAKE'S cotton-twill chore jacket in green (sale),417.00,2026-04-30,,
Outerwear,ISTO Heavy Wool Jacket,Navy (ink),Heavy wool,ISTO,-,Cold,Active,,Heavy wool jacket,153.00,2026-02-06,,
Outerwear,ISTO Linen Work Jacket — clay,Clay (reddish),Linen,ISTO,-,To 26°C,Active,,Linen work jacket,110.00,2026-02-13,,
Outerwear,ISTO Linen Work Jacket — navy,Navy,Linen,ISTO,-,To 26°C,Active,,Linen work jacket,110.00,2026-02-13,,
Outerwear,Mr P Cotton-Linen Field Jacket,Navy,Cotton-linen twill,Mr P,XXL,To 24°C,Active,Lined,MR P. cotton/linen-blend twill field jacket in blue (sale),170.00,2026-02-13,,
Outerwear,PWVC Belted Safari,Ink,-,Private White VC,8,-,Benched (too large; tailoring candidate),,Belted safari,250.00,2025-01-25,,
Outerwear,PWVC Cashmere Cord Bark,Bark,6-wale cotton/cashmere cord,Private White VC,7,Cool/cold,Active,"SB3 notch, unstructured",Cashmere cord,398.00,2025-01-19,,
Outerwear,PWVC Cord Craftsman,Brown,-,Private White VC,8,-,Benched (too large; tailoring candidate),"2-button, lined sleeves, 100% cotton cord",Cord craftsman,250.00,2025-01-29,,
Outerwear,PWVC General's Overcoat,Navy,-,Private White VC,8,-,Benched (too large; tailoring candidate),,Overcoat,842.00,2025-11-27,,
Outerwear,PWVC Harris Tweed Marylebone,Ink,-,Private White VC,8,-,Benched (too large; tailoring candidate),"3-button, shirt-collar (treat as jacket), Lowry HT",Harris Tweed,417.00,2025-04-05,,
Outerwear,PWVC Loden Cuddler Lumber,Ink,-,Private White VC,8,-,Benched (too large; tailoring candidate),,Loden cuddler,239.00,2025-08-22,,
Outerwear,PWVC Manchester Peacoat,Navy,-,Private White VC,8,-,Benched (too large; tailoring candidate),,Peacoat,595.00,2025-02-28,,
Outerwear,PWVC Observer Jacket,Ink,-,Private White VC,8,-,Benched (too large; tailoring candidate),,Observer jacket,750.00,2025-06-18,,
Outerwear,PWVC Overlord Jacket,Moss,-,Private White VC,8,-,Benched (too large; tailoring candidate),,Overlord jacket,198.00,2025-08-22,,
Outerwear,PWVC Richmond Revere,Ink,-,Private White VC,7,Cool/cold,Active,,Revere jacket,286.00,2026-02-04,,
Accessory,Anderson's belt — black,Black,Woven,Anderson's,L,All-season,Active,,Woven belt,85.00,2026-02-22,,
Accessory,Anderson's belt — brown,Brown,Woven,Anderson's,L,All-season,Active,,,,,,
Accessory,Anderson's belt — olive (dark khaki),Olive (dark khaki),Woven,Anderson's,L,All-season,Active,,Woven belt,85.00,2026-02-22,,
Accessory,Anglo-Italian pocket square,White,Linen,Anglo-Italian,-,All-season,Occasional,,Linen pocket square,45.00,2026-02-21,,
Accessory,Drake's navy Mughal bandana,Navy,Wool-silk,Drake's,-,-,Benched,Too short,Floral Mughal print wool-silk bandana in navy,145.00,2025-03-09,link,
Accessory,Drake's red polka-dot,Red,Cotton-voile,Drake's,-,Warm,Benched,Rare use; hard to tie,,,,,
Accessory,Drake's scarf — burgundy unicorn,Burgundy,Wool-silk,Drake's,-,Cool/cold,Active,Long scarf,Unicorn print wool-silk scarf in burgundy,275.00,2025-05-30,link,
Accessory,Drake's scarf — green Summer Moghul,Green,Wool-silk,Drake's,-,Cool/cold,Active,Long scarf (a.k.a. green/olive hunting),,,,,
Accessory,Drake's scarf — navy unicorn,Navy,Wool-silk,Drake's,-,Cool/cold,Active,Long scarf,Unicorn print wool-silk scarf in navy,275.00,2025-05-30,link,
Accessory,Joseph Turner cashmere scarf,Grey check,Cashmere,Joseph Turner,-,Winter,Active,,Cashmere,69.00,2026-03-15,,
Accessory,Silk knit tie — burgundy,Burgundy,Silk knit,-,-,All-season,Active,,Heavy silk knitted,69.00,2026-04-03,,
Accessory,Silk knit tie — emerald,Emerald,Silk knit,-,-,All-season,Active,,Silk knit tie,110.00,2026-02-21,,
Accessory,Silk knit tie — navy,Navy,Silk knit,-,-,All-season,Active,,Silk knit tie,110.00,2026-02-21,,
Accessory,Silk knit tie — rust,Rust,Silk knit,-,-,All-season,Active,,Heavy silk knitted,69.00,2026-04-03,,
Accessory,Wool-stripe knit tie — maroon,Maroon,Wool stripe knit,-,-,All-season,Benched,Silk took primary slot,Wool stripe knit tie,125.00,2026-02-21,,
Sock,Alpaca bed sock — clotted cream,Clotted cream,Alpaca,Pairs,Med UK 8-10,-,Active,Bed sock,,,,,
Sock,Alpaca — inky blue,Inky Blue,Alpaca,Pairs,Med UK 8-10,Cool/cold,Active,,,,,,
Sock,Alpaca — true black,True Black,Alpaca,Pairs,Med UK 8-10,Cool/cold,Active,,,,,,
Sock,Merino — biscuit beige,Biscuit Beige,Merino wool,Pairs,Med UK 8-10,All-season (primary summer),Active,2x,,,,,
Sock,Merino — blue jean,Blue Jean,Merino wool,Pairs,Med UK 8-10,All-season (primary summer),Active,2x,,,,,
Sock,Merino — correct grey,Correct Grey,Merino wool,Pairs,Med UK 8-10,All-season (primary summer),Active,3x,,,,,
Sock,Merino — deep earth brown,Deep Earth Brown,Merino wool,Pairs,Med UK 8-10,All-season (primary summer),Active,3x,,,,,
Sock,Merino — deep forest green,Deep Forest Green,Merino wool,Pairs,Med UK 8-10,All-season (primary summer),Active,2x,,,,,
Sock,Merino — fire red,Fire Red,Merino wool,Pairs,Med UK 8-10,All-season (primary summer),Active,1x,,,,,
Sock,Merino — golden yellow,Golden Yellow,Merino wool,Pairs,Med UK 8-10,All-season (primary summer),Active,1x,,,,,
Sock,Merino — inky blue,Inky Blue,Merino wool,Pairs,Med UK 8-10,All-season (primary summer),Active,4x,,,,,
Sock,Merino — milky tea beige,Milky Tea Beige,Merino wool,Pairs,Med UK 8-10,All-season (primary summer),Active,2x,,,,,
Sock,Merino — pine green,Pine Green,Merino wool,Pairs,Med UK 8-10,All-season (primary summer),Active,2x,,,,,
Sock,Merino — strong blue,Strong Blue,Merino wool,Pairs,Med UK 8-10,All-season (primary summer),Active,2x,,,,,
Sock,Merino — true black,True Black,Merino wool,Pairs,Med UK 8-10,All-season (primary summer),Active,2x,,,,,